,Fecha,Encuestadora,Muestra,Union por la Patria,Juntos por el Cambio,La Libertad Avanza,Hacemos juntos nuestro Pais,Frente de Izquierda y Trabajadores,Otros,Blanco,Indecisos,Ventaja,Inicio,Final
0,22 de octubre de 2023,Elecciones generales,27623920,36.78,23.81,29.99,6.73,2.7,0.0,2.16,0.0,6.79,2023-10-22,2023-10-22
1,20 de octubre de 2023,Proyección Consultores[1]​,0,33.6,26.4,32.8,4.2,3.0,0.0,3.4,0.0,0.8,2023-10-20,2023-10-20
2,17 - 19 de octubre de 2023,CB Consultora[2]​,0,33.0,24.2,31.8,7.9,3.0,0.0,0.0,0.0,1.2,2023-10-17,2023-10-19
3,10 - 13 de octubre de 2023,Atlas Intel[3]​,5702,30.9,24.4,26.5,10.0,3.2,0.0,1.1,2.8,4.4,2023-10-10,2023-10-13
4,9 - 12 de octubre de 2023,Consultora Tendencias[4]​,17702,29.8,23.1,30.2,3.9,4.6,0.0,2.1,6.3,0.4,2023-10-09,2023-10-12
5,9 - 11 de octubre de 2023,Clivajes Consultores[5]​,1240,31.4,26.8,33.1,2.1,3.6,0.0,0.0,0.0,1.7,2023-10-09,2023-10-11
6,9 - 11 de octubre de 2023,Circuitos Consultora[6]​,2131,32.3,24.4,34.1,2.3,2.1,0.0,1.1,2.5,1.8,2023-10-09,2023-10-11
7,9 - 11 de octubre de 2023,CB Consultora[7]​,4069,29.1,21.8,29.9,6.0,3.4,0.0,3.2,6.6,0.8,2023-10-09,2023-10-11
8,2 - 11 de octubre de 2023,Opinaia[5]​,2000,29.0,22.0,32.0,7.0,3.0,0.0,0.0,0.0,3.0,2023-10-02,2023-10-11
9,8 - 10 de octubre de 2023,Atlas Intel[8]​,4248,30.6,25.0,25.2,11.8,3.9,0.0,0.7,2.1,5.4,2023-10-08,2023-10-10
10,7 - 10 de octubre de 2023,DC Consultores[9]​,2700,26.2,28.9,35.6,2.7,3.4,0.0,0.0,3.2,6.7,2023-10-07,2023-10-10
11,3 - 9 de octubre de 2023,Proyección Consultores[10]​,2966,30.9,23.2,35.5,3.4,2.7,0.0,0.0,4.3,4.6,2023-10-03,2023-10-09
12,5 - 8 de octubre de 2023,CIGP[11]​,1500,28.1,20.9,27.2,5.8,1.3,0.0,5.9,16.7,0.9,2023-10-05,2023-10-08
13,30 se septiembre - 7 de octubre de 2023,Giacobbe & Asociados[12]​,2500,28.5,27.3,32.9,4.2,3.3,0.0,0.0,3.8,4.4,2023-09-30,2023-10-07
14,2 - 5 de octubre de 2023,Fixer[13]​,2506,26.1,25.4,34.3,5.5,3.1,0.0,0.0,0.0,8.2,2023-10-02,2023-10-05
15,3 - 4 de octubre de 2023,Zuban Córdoba & Asociados[14]​,1400,32.7,25.0,34.7,2.7,1.6,0.0,0.8,1.4,2.0,2023-10-03,2023-10-04
16,28 de septiembre - 3 de octubre de 2023,Reale Dalla Torre[15]​[16]​,2615,24.7,21.8,36.2,5.0,3.8,0.0,0.0,8.5,11.5,2023-09-28,2023-10-03
17,21 - 29 de septiembre de 2023,Aresco[14]​,1200,32.1,25.9,35.0,4.7,2.3,0.0,3.9,2.1,2.9,2023-09-21,2023-09-29
18,25 - 28 de septiembre de 2023,CB Consultora[17]​,4072,28.9,23.7,32.2,3.1,2.1,0.0,3.8,6.2,3.3,2023-09-25,2023-09-28
19,20 - 25 de septiembre de 2023,Atlas Intel[18]​,3778,30.7,27.7,27.9,4.8,2.1,0.0,1.8,3.8,2.8,2023-09-20,2023-09-25
20,20 - 25 de septiembre de 2023,Circuitos Consultora[19]​,2188,31.2,24.8,34.6,1.9,1.8,0.0,2.4,2.2,3.4,2023-09-20,2023-09-25
21,14 - 25 de septiembre de 2023,UdeSA[20]​,1000,29.8,26.4,34.7,6.0,3.0,0.0,3.8,0.0,4.9,2023-09-14,2023-09-25
22,22 de septiembre de 2023,Aresco[21]​,0,30.1,23.0,35.5,2.8,2.8,0.0,4.2,1.6,5.4,2023-09-22,2023-09-22
23,16 - 21 de septiembre de 2023,Proyección Consultores[21]​,2260,29.1,24.2,33.7,2.6,2.3,0.0,4.1,8.1,4.6,2023-09-16,2023-09-21
24,11 - 20 de septiembre de 2023,Opinaia[22]​,2000,26.0,23.0,33.0,5.0,3.0,0.0,3.0,7.0,7.0,2023-09-11,2023-09-20
25,1 - 20 de septiembre de 2023,CELAG[23]​,2509,32.2,28.1,33.2,3.6,2.9,0.0,0.0,0.0,1.0,2023-09-01,2023-09-20
26,9 - 18 de septiembre de 2023,Giacobbe & Asociados[24]​,2500,27.4,27.8,33.9,3.0,2.5,0.0,1.2,4.2,6.1,2023-09-09,2023-09-18
27,4 - 10 de septiembre de 2023,Opina Argentina[25]​,2359,29.0,25.0,34.0,2.0,3.0,0.0,4.0,3.0,5.0,2023-09-04,2023-09-10
28,6 - 8 de septiembre de 2023,Federico González y Asociados[26]​,2400,29.4,29.7,33.1,4.0,3.9,0.0,4.7,7.1,3.4,2023-09-06,2023-09-08
29,3 - 5 de septiembre de 2023,Analogías[27]​,2398,28.1,21.2,31.1,2.1,3.4,0.0,2.1,11.4,3.0,2023-09-03,2023-09-05
30,29 de agosto - 4 de septiembre de 2023,Synopsis[28]​,2653,30.6,25.8,36.0,2.4,1.8,0.0,0.7,2.6,5.4,2023-08-29,2023-09-04
31,1 - 3 de septiembre de 2023,Consultora Tendencias[29]​,25704,28.5,22.7,33.2,2.9,4.4,0.0,1.9,6.4,3.7,2023-09-01,2023-09-03
32,Septiembre de 2023,Escenarios[30]​,1797,25.8,17.8,37.3,5.0,1.2,0.0,3.8,6.2,11.5,2023-09-01,2023-09-01
33,Septiembre de 2023,CEOP[31]​,1335,32.2,24.9,34.1,3.0,1.6,0.0,2.1,1.6,1.9,2023-09-01,2023-09-01
34,22 - 31 de agosto de 2023,Opinión Lab[32]​,1006,20.5,16.1,28.1,4.0,3.0,0.0,5.1,13.4,7.6,2023-08-22,2023-08-31
35,22 - 30 de agosto de 2023,CEOP[33]​,1441,30.6,24.8,34.2,2.2,0.8,0.0,2.3,4.6,3.6,2023-08-22,2023-08-30
36,13 - 25 de agosto de 2023,Opinaia[34]​,2000,25.0,23.0,35.0,5.0,3.0,0.0,4.0,5.0,10.0,2023-08-13,2023-08-25
37,18 - 21 de agosto de 2023,Analogías[34]​,2523,26.8,20.9,32.1,3.2,4.9,0.0,2.3,9.9,5.3,2023-08-18,2023-08-21
38,16 - 18 de agosto de 2023,DC Consultores[35]​,2100,23.1,24.7,34.0,0.0,0.0,0.0,2.4,15.8,9.3,2023-08-16,2023-08-18
39,16 - 17 de agosto de 2023,OPSA[36]​,4623,32.3,23.7,38.5,3.2,2.3,0.0,0.0,0.0,6.2,2023-08-16,2023-08-17
40,14 - 16 de agosto de 2023,CB Consultora[37]​,4340,28.1,25.3,32.3,3.8,1.8,0.0,3.2,5.4,4.2,2023-08-14,2023-08-16
41,13 de agosto de 2023,Elecciones primarias,24625774,27.28,28.0,29.86,3.71,2.61,3.04,5.51,0.0,1.86,2023-08-13,2023-08-13
42,31 de julio - 4 de agosto de 2023,Atlas Intel[38]​,9517,30.8,31.9,20.8,4.4,3.4,2.9,2.4,3.5,1.1,2023-07-31,2023-08-04
43,31 de julio - 3 de agosto de 2023,Federico González & Asociados[39]​,2400,30.1,36.4,19.5,3.2,2.5,5.0,3.1,0.0,6.3,2023-07-31,2023-08-03
44,25 de julio - 2 de agosto de 2023,Opina Argentina[40]​,1404,31.0,32.0,20.0,3.0,4.0,2.0,3.0,5.0,1.0,2023-07-25,2023-08-02
45,25 de julio - 2 de agosto de 2023,Opinaia[41]​,2000,21.0,30.0,22.0,4.0,3.0,6.0,5.0,7.0,8.0,2023-07-25,2023-08-02
46,1 de agosto de 2023,Opinión Pública Servicios y Mercados[42]​,1200,29.9,35.6,17.5,2.8,5.4,1.6,0.0,5.0,5.7,2023-08-01,2023-08-01
47,24 - 31 de julio de 2023,Giacobbe & Asociados[42]​,2500,32.2,38.0,18.8,2.6,2.6,1.9,3.9,0.0,5.8,2023-07-24,2023-07-31
48,24 - 31 de julio de 2023,Proyección Consultores[43]​[44]​,2130,31.1,34.3,19.1,2.4,2.2,3.7,7.2,0.0,3.2,2023-07-24,2023-07-31
49,25 - 29 de julio de 2023,CB Consultora[45]​,1985,30.4,33.0,20.3,4.9,1.5,3.9,2.5,3.5,2.6,2023-07-25,2023-07-29
50,24 - 29 de julio de 2023,CIGP[46]​,1602,31.2,36.5,13.8,0.0,2.8,5.2,4.1,6.4,5.3,2023-07-24,2023-07-29
51,22 - 29 de julio de 2023,Hugo Haime Consultora[47]​,0,32.1,32.5,22.0,4.3,2.4,0.2,3.6,2.2,0.4,2023-07-22,2023-07-29
52,22 - 29 de julio de 2023,Hugo Haime Consultora[47]​,0,32.8,28.1,23.3,4.2,3.3,0.0,5.7,2.3,4.7,2023-07-22,2023-07-29
53,22 - 29 de julio de 2023,Hugo Haime Consultora[47]​,0,32.3,27.8,24.4,5.4,2.5,0.0,5.7,1.5,5.5,2023-07-22,2023-07-29
54,25 - 27 de julio de 2023,Circuitos[48]​,2180,30.1,34.8,16.7,1.9,3.7,4.0,0.0,8.8,4.7,2023-07-25,2023-07-27
55,12 - 27 de julio de 2023,Management & Fit[49]​,1800,31.7,34.7,17.0,6.6,4.4,1.2,0.7,2.9,3.0,2023-07-12,2023-07-27
56,23 de julio de 2023,CEOP[50]​,1167,28.5,30.3,19.1,0.8,1.6,0.5,3.3,12.1,1.8,2023-07-23,2023-07-23
57,20 - 25 de julio de 2023,Políticos en Redes[45]​,2237,25.2,31.2,23.0,1.8,2.5,3.2,3.3,9.8,6.0,2023-07-20,2023-07-25
58,17 - 21 de julio de 2023,Federico González & Asociados[51]​,2400,28.0,34.2,17.7,3.2,2.4,4.2,1.9,8.4,6.2,2023-07-17,2023-07-21
59,14 - 21 de julio de 2023,Nueva Comunicación[52]​,1780,28.0,29.0,19.0,3.0,4.0,1.0,6.0,10.0,1.0,2023-07-14,2023-07-21
60,12 - 21 de julio de 2023,UdeSA[53]​,1003,20.7,23.7,15.9,6.0,4.4,0.0,5.8,23.5,3.0,2023-07-12,2023-07-21
61,12 - 21 de julio de 2023,UdeSA[53]​,1003,20.6,18.5,18.5,6.0,4.4,0.0,5.7,26.1,2.1,2023-07-12,2023-07-21
62,12 - 21 de julio de 2023,UdeSA[53]​,1003,19.0,23.0,12.0,3.0,4.0,3.0,5.0,33.0,4.0,2023-07-12,2023-07-21
63,15 - 19 de julio de 2023,Atlas Intel[54]​,4848,33.8,33.8,20.1,3.4,2.6,1.0,0.9,3.0,0.0,2023-07-15,2023-07-19
64,15 - 19 de julio de 2023,Atlas Intel[54]​,4848,32.4,29.0,23.4,4.2,4.3,0.0,2.6,3.5,3.4,2023-07-15,2023-07-19
65,15 - 19 de julio de 2023,Atlas Intel[54]​,4848,31.9,23.5,25.2,4.1,4.1,0.0,3.4,4.2,6.7,2023-07-15,2023-07-19
66,5 - 18 de julio de 2023,Opinaia[55]​,2000,22.0,30.0,22.0,4.0,4.0,6.0,5.0,7.0,8.0,2023-07-05,2023-07-18
67,8 - 12 de julio de 2023,UNLaM[56]​,2510,31.4,33.9,18.1,1.3,2.0,1.1,4.1,8.1,2.5,2023-07-08,2023-07-12
68,5 - 12 de julio de 2023,Equipo_Mide[45]​,2236,27.0,33.0,26.0,3.0,2.0,4.0,0.0,5.0,6.0,2023-07-05,2023-07-12
69,4 - 11 de julio de 2023,Taquion[57]​,2419,25.1,29.5,18.0,3.0,2.3,9.9,8.7,3.6,4.4,2023-07-04,2023-07-11
70,7 de julio de 2023,Patagonia[58]​,0,32.3,32.7,15.8,3.7,5.9,7.5,0.0,2.1,0.4,2023-07-07,2023-07-07
71,4 - 7 de julio de 2023,IPD[59]​,1600,32.0,36.0,17.0,1.0,4.0,1.0,3.0,6.0,4.0,2023-07-04,2023-07-07
72,28 de junio - 7 de julio de 2023,Opina Argentina[60]​,1404,29.0,30.0,22.0,3.0,4.0,1.0,3.0,7.0,1.0,2023-06-28,2023-07-07
73,6 de julio de 2023,Federico González & Asociados[61]​,2400,28.8,33.8,17.1,1.9,3.4,5.2,2.9,6.9,5.0,2023-07-06,2023-07-06
74,1-6 de julio de 2023,Zuban Córdoba & Asociados[62]​,1280,27.1,29.7,24.5,3.5,2.3,1.3,3.1,8.6,2.6,2023-07-01,2023-07-06
75,1 - 5 de julio de 2023,Clivajes Consultores[63]​,1570,30.5,33.9,18.4,2.6,3.4,4.1,7.1,0.0,3.4,2023-07-01,2023-07-05
76,27 de junio - 2 de julio de 2023,Giacobbe & Asociados[64]​[65]​[66]​,2500,28.2,19.8,28.3,1.9,2.5,0.0,8.1,9.9,0.1,2023-06-27,2023-07-02
77,27 de junio - 2 de julio de 2023,Giacobbe & Asociados[64]​[65]​[66]​,2500,28.5,33.2,22.3,1.0,1.0,2.3,2.0,9.3,4.7,2023-06-27,2023-07-02
78,27 de junio - 2 de julio de 2023,Giacobbe & Asociados[64]​[65]​[66]​,2500,28.5,32.3,21.9,0.6,1.7,3.8,2.2,9.0,3.8,2023-06-27,2023-07-02
79,Junio de 2023,Marketing & Estadística[67]​,0,30.0,38.0,20.0,2.0,1.0,1.0,3.0,5.0,8.0,2023-06-01,2023-06-01
80,28 - 30 de junio de 2023,Analogías[68]​,2569,32.3,32.8,17.8,2.1,1.2,0.0,0.0,12.7,0.5,2023-06-28,2023-06-30
81,27 - 30 de junio de 2023,Observatorio Electoral Consultores[69]​,1680,28.0,40.0,15.0,2.0,2.0,5.0,0.0,8.0,12.0,2023-06-27,2023-06-30
82,26 - 29 de junio de 2023,Opinaia[70]​,1300,24.0,32.0,19.0,3.0,3.0,5.0,4.0,10.0,8.0,2023-06-26,2023-06-29
83,28 de junio de 2023,Proyección Consultores[71]​,0,32.8,34.7,18.8,0.9,1.7,1.4,3.1,6.6,1.9,2023-06-28,2023-06-28
84,26 - 28 de junio de 2023,Inteligencia Analítica[72]​,5285,29.5,28.1,25.8,3.2,2.5,3.9,3.0,4.0,1.4,2023-06-26,2023-06-28
85,26 - 28 de junio de 2023,Inteligencia Analítica[72]​,5285,28.5,32.2,22.1,3.6,3.2,3.9,2.3,4.2,3.7,2023-06-26,2023-06-28
86,26 - 28 de junio de 2023,Inteligencia Analítica[72]​,5285,29.8,34.3,19.6,2.5,2.2,3.4,3.0,5.2,4.5,2023-06-26,2023-06-28
87,25 - 27 de junio de 2023,CB Consultora[73]​,2856,29.1,33.8,17.2,3.3,1.6,3.6,4.9,6.5,4.7,2023-06-25,2023-06-27
88,16 de junio de 2023,Proyección Consultores[74]​,0,31.2,33.1,18.9,0.0,1.7,0.0,3.5,11.6,1.9,2023-06-16,2023-06-16
89,8 - 14 de junio de 2023,Opinaia[75]​,2000,22.0,29.0,21.0,6.0,1.0,0.0,8.0,12.0,7.0,2023-06-08,2023-06-14
90,5 - 12 de junio de 2023,Synopsis[76]​,1663,25.0,29.0,20.0,6.0,5.0,0.0,0.0,15.0,4.0,2023-06-05,2023-06-12
91,26 de mayo - 9 de junio de 2023,Taquion[77]​,2520,28.2,37.1,24.3,6.7,3.7,0.0,0.0,0.0,8.9,2023-05-26,2023-06-09
92,26 de mayo - 9 de junio de 2023,Taquion[77]​,2520,20.7,27.3,17.9,4.9,2.7,0.0,8.9,17.5,6.4,2023-05-26,2023-06-09
93,19 de mayo - 6 de junio de 2023,Management & Fit[78]​,1800,29.5,33.5,17.1,9.5,3.8,1.0,1.0,1.8,4.0,2023-05-19,2023-06-06
94,19 de mayo - 6 de junio de 2023,Management & Fit[78]​,1800,28.7,33.7,16.9,10.5,4.0,1.4,1.1,1.8,5.0,2023-05-19,2023-06-06
95,19 de mayo - 6 de junio de 2023,Management & Fit[78]​,1800,30.1,32.2,15.3,7.9,4.6,1.9,0.0,7.9,2.1,2023-05-19,2023-06-06
96,Junio de 2023,Fixer[79]​,0,27.0,35.0,18.0,3.0,2.0,0.0,1.0,12.0,8.0,2023-06-01,2023-06-01
97,2 - 5 de junio de 2023,Consultora Tendencias[80]​,2506,22.8,23.1,19.8,2.6,6.8,4.6,5.2,15.1,0.3,2023-06-02,2023-06-05
98,2 - 5 de junio de 2023,Aresco[81]​,4000,24.9,25.9,27.7,5.8,3.0,3.8,4.1,4.8,1.8,2023-06-02,2023-06-05
99,2 - 5 de junio de 2023,Aresco[81]​,4000,24.2,26.5,24.2,5.3,3.6,6.6,4.3,5.3,2.3,2023-06-02,2023-06-05
100,2 - 5 de junio de 2023,Aresco[81]​,4000,30.3,32.6,25.5,3.3,2.2,2.3,0.0,3.8,2.3,2023-06-02,2023-06-05
101,2 - 5 de junio de 2023,Aresco[81]​,4000,27.4,29.1,27.6,2.6,1.5,3.3,0.0,8.5,1.5,2023-06-02,2023-06-05
102,26 de mayo - 1 de junio de 2023,Zuban Córdoba & Asociados[82]​,1300,31.3,29.3,23.3,4.0,3.1,0.0,0.0,9.0,2.0,2023-05-26,2023-06-01
103,26 de mayo - 1 de junio de 2023,Zuban Córdoba & Asociados[82]​,1300,29.0,27.2,24.6,4.9,3.3,0.0,0.0,11.1,1.8,2023-05-26,2023-06-01
104,26 de mayo - 1 de junio de 2023,Zuban Córdoba & Asociados[82]​,1300,22.8,28.2,24.3,5.3,3.5,0.0,0.0,15.8,3.9,2023-05-26,2023-06-01
105,26 de mayo - 1 de junio de 2023,Zuban Córdoba & Asociados[82]​,1300,20.7,27.9,24.6,5.6,3.7,0.0,0.0,17.5,3.3,2023-05-26,2023-06-01
106,26 de mayo - 1 de junio de 2023,Zuban Córdoba & Asociados[82]​,1300,26.0,28.1,23.7,5.1,3.7,0.0,0.0,13.4,2.1,2023-05-26,2023-06-01
107,26 de mayo - 1 de junio de 2023,Zuban Córdoba & Asociados[82]​,1300,28.3,28.5,23.7,4.1,3.5,0.0,0.0,12.0,2.1,2023-05-26,2023-06-01
108,28 - 31 de mayo de 2023,Analogías[83]​[84]​[85]​,2605,27.5,26.8,21.2,0.0,2.7,0.0,3.6,18.2,0.7,2023-05-28,2023-05-31
109,20 - 28 de mayo de 2023,Opina Argentina[86]​,1400,29.0,29.0,26.0,4.0,4.0,1.0,3.0,4.0,0.0,2023-05-20,2023-05-28
110,20 - 28 de mayo de 2023,Opina Argentina[86]​,1400,29.0,30.0,26.0,0.0,4.0,0.0,4.0,6.0,1.0,2023-05-20,2023-05-28
111,20 - 28 de mayo de 2023,Opina Argentina[86]​,1400,27.0,28.0,26.0,4.0,4.0,1.0,3.0,6.0,1.0,2023-05-20,2023-05-28
112,20 - 28 de mayo de 2023,Opina Argentina[86]​,1400,26.0,27.0,24.0,4.0,7.0,0.0,7.0,6.0,1.0,2023-05-20,2023-05-28
113,20 - 28 de mayo de 2023,Opina Argentina[86]​,1400,24.0,26.0,24.0,4.0,7.0,0.0,6.0,9.0,2.0,2023-05-20,2023-05-28
114,19 - 26 de mayo de 2023,UdeSA[87]​[88]​,1000,22.5,29.5,16.8,2.7,3.3,0.0,0.0,15.5,7.0,2023-05-19,2023-05-26
115,19 - 26 de mayo de 2023,UdeSA[87]​[88]​,1000,16.0,21.0,14.0,3.0,4.0,3.0,4.0,25.0,5.0,2023-05-19,2023-05-26
116,18 - 24 de mayo de 2023,Giacobbe & Asociados[89]​,1000,25.8,27.9,27.6,2.0,2.5,0.0,3.8,10.4,0.3,2023-05-18,2023-05-24
117,14 - 22 de mayo de 2023,Opinaia[90]​,2000,20.0,27.0,26.0,6.0,3.0,0.0,4.0,14.0,1.0,2023-05-14,2023-05-22
118,Mayo de 2023,Clara Research[91]​[92]​,2641,22.4,19.9,25.5,3.3,2.0,0.0,10.7,16.2,3.1,2023-05-01,2023-05-01
119,9 - 20 de mayo de 2023,Opina Argentina[93]​,1402,26.0,24.0,24.0,5.0,4.0,2.0,4.0,11.0,2.0,2023-05-09,2023-05-20
120,9 - 20 de mayo de 2023,Opina Argentina[93]​,1402,27.0,27.0,26.0,4.0,3.0,2.0,3.0,8.0,0.0,2023-05-09,2023-05-20
121,9 - 20 de mayo de 2023,Opina Argentina[93]​,1402,26.0,27.0,26.0,4.0,4.0,2.0,3.0,8.0,1.0,2023-05-09,2023-05-20
122,12 - 19 de mayo de 2023,Federico González & Asociados[94]​[95]​,2400,25.2,23.1,27.9,2.4,3.3,3.3,3.9,10.5,2.7,2023-05-12,2023-05-19
123,12 - 19 de mayo de 2023,Federico González & Asociados[94]​[95]​,2400,25.2,32.5,24.1,2.3,3.3,3.0,2.3,7.3,7.3,2023-05-12,2023-05-19
124,12 - 19 de mayo de 2023,Federico González & Asociados[94]​[95]​,2400,25.9,33.5,24.1,2.2,2.9,1.8,1.4,8.2,7.6,2023-05-12,2023-05-19
125,14 - 18 de mayo de 2023,CIGP[96]​,1212,22.8,23.9,20.8,5.7,0.0,4.7,9.1,13.1,1.1,2023-05-14,2023-05-18
126,8 - 13 de mayo de 2023,Taquion[97]​,2669,23.7,33.0,26.3,4.0,2.2,0.0,6.7,4.2,6.7,2023-05-08,2023-05-13
127,6 - 13 de mayo de 2023,Synopsis[98]​[99]​,1631,24.6,26.2,25.2,5.5,3.5,5.4,0.0,9.5,1.0,2023-05-06,2023-05-13
128,6 - 13 de mayo de 2023,Synopsis[98]​[99]​,1631,24.9,26.2,17.1,10.7,4.6,4.3,0.0,12.2,1.3,2023-05-06,2023-05-13
129,17 de abril - 7 de mayo de 2023,CELAG[100]​,2002,26.1,24.6,29.3,6.2,3.5,6.0,1.0,1.7,3.2,2023-04-17,2023-05-07
130,27 - 30 de abril de 2023,Fixer[101]​,1257,26.0,32.0,22.0,3.0,2.0,0.0,5.0,10.0,6.0,2023-04-27,2023-04-30
131,22 - 30 de abril de 2023,Opinaia[102]​,2000,23.0,27.0,26.0,2.0,2.0,0.0,0.0,15.0,1.0,2023-04-22,2023-04-30
132,11 - 16 de abril de 2023,Zuban Córdoba & Asociados[103]​[104]​,1300,26.6,20.4,26.0,5.6,2.7,0.0,0.0,18.7,0.6,2023-04-11,2023-04-16
133,11 - 16 de abril de 2023,Zuban Córdoba & Asociados[103]​[104]​,1300,28.1,24.0,22.0,5.7,2.4,0.0,0.0,17.8,4.1,2023-04-11,2023-04-16
134,11 - 16 de abril de 2023,Zuban Córdoba & Asociados[103]​[104]​,1300,28.5,23.5,18.0,4.7,2.8,7.5,0.0,14.9,5.0,2023-04-11,2023-04-16
135,7 - 15 de abril de 2023,Synopsis[105]​[106]​,1679,23.7,26.6,26.5,3.6,3.8,4.5,0.0,11.3,0.1,2023-04-07,2023-04-15
136,7 - 15 de abril de 2023,Synopsis[105]​[106]​,1679,30.0,29.8,24.9,2.2,2.4,3.7,0.0,7.1,0.2,2023-04-07,2023-04-15
137,7 - 15 de abril de 2023,Synopsis[105]​[106]​,1679,22.8,28.1,16.6,10.8,4.9,5.4,0.0,11.4,5.3,2023-04-07,2023-04-15
138,5 - 15 de abril de 2023,Opina Argentina[107]​,1402,27.0,27.0,23.0,5.0,3.0,4.0,0.0,7.0,0.0,2023-04-05,2023-04-15
139,10 - 14 de abril de 2023,IPD[108]​,1600,26.0,24.0,25.0,0.0,5.0,0.0,7.0,13.0,1.0,2023-04-10,2023-04-14
140,10 - 14 de abril de 2023,IPD[108]​,1600,25.0,28.0,27.0,0.0,0.0,5.0,4.0,11.0,1.0,2023-04-10,2023-04-14
141,2 - 14 de abril de 2023,Reale Dalla Torre[109]​,1600,27.6,31.5,26.7,2.7,3.8,0.0,0.0,8.7,3.9,2023-04-02,2023-04-14
142,2 - 14 de abril de 2023,Reale Dalla Torre[109]​,1600,20.9,23.3,20.6,0.0,4.9,2.3,0.0,28.0,2.4,2023-04-02,2023-04-14
143,27 de febrero - 13 de abril de 2023,Management & Fit[110]​,1500,26.5,27.6,24.3,6.8,4.5,3.2,7.2,3.0,1.1,2023-02-27,2023-04-13
144,27 de febrero - 13 de abril de 2023,Management & Fit[110]​,1500,28.7,27.4,23.9,6.3,3.8,3.2,6.6,3.1,1.3,2023-02-27,2023-04-13
145,27 de febrero - 13 de abril de 2023,Management & Fit[110]​,1500,30.7,26.5,23.7,6.8,3.9,3.2,5.8,2.7,4.2,2023-02-27,2023-04-13
146,27 de febrero - 13 de abril de 2023,Management & Fit[110]​,1500,21.9,22.2,14.3,6.8,4.9,3.2,0.0,27.0,0.3,2023-02-27,2023-04-13
147,5 - 9 de abril de 2023,Taquion[111]​,2566,21.4,30.1,24.3,4.8,2.5,0.0,9.5,7.5,5.8,2023-04-05,2023-04-09
148,3 - 9 de abril de 2023,Inteligencia Analítica[112]​,9754,18.7,23.6,20.8,0.0,5.3,0.0,0.0,31.6,2.8,2023-04-03,2023-04-09
149,2 - 4 de abril de 2023,GOP y Trespuntozero[113]​,2000,27.7,36.0,19.3,0.0,1.2,0.0,5.7,10.1,8.3,2023-04-02,2023-04-04
150,2 - 4 de abril de 2023,GOP y Trespuntozero[113]​,2000,30.0,36.6,19.1,0.0,1.1,0.0,2.8,10.4,6.6,2023-04-02,2023-04-04
151,27 de marzo - 2 de abril de 2023,Inteligencia Analítica[114]​,9944,20.5,22.7,20.3,0.0,5.8,0.0,0.0,30.7,2.2,2023-03-27,2023-04-02
152,28 - 31 de marzo de 2023,Analogías[115]​,2658,25.2,24.5,20.7,0.0,3.5,0.0,5.0,21.1,0.7,2023-03-28,2023-03-31
153,22 - 30 de marzo de 2023,UdeSA[116]​,1001,15.0,23.0,11.0,5.0,4.0,6.0,4.0,23.0,8.0,2023-03-22,2023-03-30
154,27 - 29 de marzo de 2023,Federico González & Asociados[117]​,1800,25.2,31.5,15.2,4.6,3.3,4.8,5.3,10.1,6.3,2023-03-27,2023-03-29
155,Marzo de 2023,Poliarquía[118]​,0,27.0,25.0,23.0,0.0,5.0,2.0,0.0,18.0,2.0,2023-03-01,2023-03-01
156,Marzo de 2023,Poliarquía[118]​,0,35.0,33.0,23.0,3.0,3.0,0.0,1.0,3.0,2.0,2023-03-01,2023-03-01
157,17 - 27 de marzo de 2023,Mucho en Común[119]​,1821,10.0,10.0,25.0,0.0,0.0,2.0,19.0,33.0,15.0,2023-03-17,2023-03-27
158,14 - 23 de marzo de 2023,Opinaia[120]​,2000,20.0,29.0,20.0,4.0,3.0,0.0,5.0,19.0,9.0,2023-03-14,2023-03-23
159,13 - 18 de marzo de 2023,Consultora Tendencias[121]​,8206,27.5,30.6,18.5,2.4,6.2,0.4,4.5,9.9,3.1,2023-03-13,2023-03-18
160,8 - 16 de marzo de 2023,Synopsis[122]​,1643,23.4,27.4,14.6,9.2,5.3,0.0,0.0,0.0,4.0,2023-03-08,2023-03-16
161,6 - 13 de marzo de 2023,Clivajes Consultores[123]​,1395,26.7,20.8,28.4,0.0,0.0,0.0,0.0,24.1,1.7,2023-03-06,2023-03-13
162,Febrero de 2023,Aresco[124]​,4000,33.0,36.9,20.6,0.0,0.0,3.5,0.0,6.0,3.9,2023-02-01,2023-02-01
163,14 - 28 de febrero de 2023,Management & Fit[125]​,2200,23.6,25.7,20.4,0.0,0.0,14.3,0.0,16.0,2.1,2023-02-14,2023-02-28
164,18 - 27 de febrero de 2023,Opina Argentina[126]​,1250,27.0,27.0,24.0,5.0,4.0,0.0,5.0,8.0,0.0,2023-02-18,2023-02-27
165,18 - 27 de febrero de 2023,Opina Argentina[126]​,1250,28.0,32.0,22.0,3.0,4.0,1.0,2.0,7.0,4.0,2023-02-18,2023-02-27
166,12 - 17 de febrero de 2023,IPD[127]​,1004,27.0,31.0,18.0,7.0,5.0,0.0,0.0,9.0,4.0,2023-02-12,2023-02-17
167,10 - 16 de febrero de 2023,Solmoirago[128]​,2200,29.9,40.6,18.0,0.0,2.7,0.0,0.0,8.7,10.7,2023-02-10,2023-02-16
168,10 - 16 de febrero de 2023,Solmoirago[128]​,2200,26.6,29.9,14.2,0.0,2.5,0.0,0.0,27.0,3.3,2023-02-10,2023-02-16
169,6 - 10 de febrero de 2023,CIGP[129]​,2408,25.6,30.8,10.8,0.0,0.0,5.4,12.7,9.6,5.2,2023-02-06,2023-02-10
170,5 - 7 de febrero de 2023,Opinaia[130]​,1100,24.0,27.0,24.0,4.0,3.0,0.0,0.0,18.0,3.0,2023-02-05,2023-02-07
171,2 - 5 de febrero de 2023,Opina Argentina[131]​,1100,26.0,33.0,19.0,0.0,3.0,5.0,4.0,11.0,7.0,2023-02-02,2023-02-05
172,23 de enero - 3 de febrero de 2023,Opinaia[132]​,2000,24.0,31.0,24.0,3.0,2.0,0.0,0.0,16.0,7.0,2023-01-23,2023-02-03
173,16 - 22 de enero de 2023,Zuban Córdoba & Asociados[133]​,1300,30.3,23.0,23.2,4.8,0.0,7.9,0.0,10.8,7.1,2023-01-16,2023-01-22
174,19 de enero de 2023,Aresco[134]​,4000,25.4,28.6,22.3,5.2,4.0,4.3,3.7,6.5,3.2,2023-01-19,2023-01-19
175,19 de enero de 2023,Aresco[134]​,4000,29.8,29.5,18.8,5.3,2.8,5.8,3.5,4.5,0.3,2023-01-19,2023-01-19
176,11 - 17 de enero de 2023,Solmoirago[135]​,2200,29.1,37.3,19.5,0.0,1.8,0.0,0.0,12.3,8.2,2023-01-11,2023-01-17
177,11 - 17 de enero de 2023,Solmoirago[135]​,2200,29.3,41.1,18.1,0.0,2.8,0.0,0.0,8.7,11.8,2023-01-11,2023-01-17
178,15 - 16 de enero de 2023,Federico González & Asociados[136]​,1700,26.9,30.5,20.3,2.8,3.6,1.6,3.2,11.6,3.6,2023-01-15,2023-01-16
179,15 - 16 de enero de 2023,Federico González & Asociados[136]​,1700,25.6,29.2,22.4,2.9,3.5,1.6,3.6,11.2,3.6,2023-01-15,2023-01-16
180,6 - 11 de enero de 2023,Synopsis[137]​,1794,29.5,37.7,21.3,0.0,2.9,4.1,0.0,4.6,8.2,2023-01-06,2023-01-11
181,25 de diciembre de 2022 - 6 de enero de 2023,Opinaia[138]​,2000,25.0,32.0,22.0,4.0,2.0,0.0,0.0,15.0,7.0,2022-12-25,2023-01-06
182,26 de diciembre de 2022 - 3 de enero de 2023,Raúl Aragón & Asociados[139]​,1500,24.8,29.1,18.3,0.0,3.7,7.3,8.1,8.7,4.3,2022-12-26,2023-01-03
183,26 de diciembre de 2022 - 3 de enero de 2023,Raúl Aragón & Asociados[139]​,1500,23.5,34.3,17.2,0.0,3.3,7.8,6.8,7.1,10.8,2022-12-26,2023-01-03
